"sim_id","dataset_name","RMSE_Single","Bias_Single","CI_Coverage_Single","RMSE_Multiple","Bias_Multiple","CI_Coverage_Multiple","RMSE_VAE","Bias_VAE","CI_Coverage_VAE"
1,"MCAR_10%",1.04655749839918,-0.0229445719406778,NA,1.04677596316408,-0.0233029580442837,NA,1.04659291711887,-0.022954134210976,NA
1,"MAR_10%",1.04725932600032,-0.0228258649860815,NA,1.04856530847054,-0.0233020538272479,NA,1.04723918554418,-0.0228257833862503,NA
1,"MCAR_25%",1.04684143822849,-0.0227233969631343,NA,1.04915515794942,-0.022946134154232,NA,1.04696365566616,-0.0226976332038391,NA
1,"MAR_25%",1.0448794529035,-0.0200347432157888,NA,1.04788986301302,-0.0201672717896388,NA,1.04508816386863,-0.0200541069443323,NA
1,"MCAR_50%",1.04576438033164,-0.0224774838504563,NA,1.05078991796802,-0.0240937347210709,NA,1.04575490377592,-0.0225176542094242,NA
1,"MAR_50%",1.04436874641395,-0.0248128897799514,NA,1.04634776468608,-0.0252787624812301,NA,1.04436723365424,-0.0247864975750012,NA
2,"MCAR_10%",1.04655749839918,-0.0229445719406778,NA,1.04831167937634,-0.0232326089537012,NA,1.04660197607987,-0.0229541450680001,NA
2,"MAR_10%",1.04725932600032,-0.0228258649860815,NA,1.04695042077423,-0.0233589808042314,NA,1.04726205117209,-0.022824681451764,NA
2,"MCAR_25%",1.04684143822849,-0.0227233969631343,NA,1.0497422494574,-0.022706838502279,NA,1.04681422587044,-0.0227264485163081,NA
2,"MAR_25%",1.0448794529035,-0.0200347432157888,NA,1.05295077745372,-0.0224869474491714,NA,1.0449530316561,-0.0199856055652767,NA
2,"MCAR_50%",1.04576438033164,-0.0224774838504563,NA,1.05030042932135,-0.0240641344516157,NA,1.04581757000253,-0.022477394244253,NA
2,"MAR_50%",1.04436874641395,-0.0248128897799514,NA,1.04450221025074,-0.0248601225546398,NA,1.04436081221998,-0.0248138883418908,NA
3,"MCAR_10%",1.04655749839918,-0.0229445719406778,NA,1.04784729695319,-0.0233406856233806,NA,1.04658453779894,-0.0229476091079268,NA
3,"MAR_10%",1.04725932600032,-0.0228258649860815,NA,1.04753105375019,-0.0234618741158305,NA,1.04725358201917,-0.0228269464451332,NA
3,"MCAR_25%",1.04684143822849,-0.0227233969631343,NA,1.04950704335105,-0.0239124232817591,NA,1.04676558928259,-0.0227410253828074,NA
3,"MAR_25%",1.0448794529035,-0.0200347432157888,NA,1.04507739878057,-0.0216301921575685,NA,1.04495689930546,-0.0199906656654594,NA
3,"MCAR_50%",1.04576438033164,-0.0224774838504563,NA,1.04700515438041,-0.0240376538222243,NA,1.04594109987656,-0.022562975097376,NA
3,"MAR_50%",1.04436874641395,-0.0248128897799514,NA,1.05001818794156,-0.0252746043424526,NA,1.0443532324687,-0.0247934752484079,NA
4,"MCAR_10%",1.04655749839918,-0.0229445719406778,NA,1.04633937610099,-0.0229686828967063,NA,1.04656512800778,-0.0229589140575722,NA
4,"MAR_10%",1.04725932600032,-0.0228258649860815,NA,1.04892731636779,-0.0234455881143037,NA,1.04728613683325,-0.0228336773832673,NA
4,"MCAR_25%",1.04684143822849,-0.0227233969631343,NA,1.05013133706454,-0.0235531153116202,NA,1.04686572077157,-0.0227130413527296,NA
4,"MAR_25%",1.0448794529035,-0.0200347432157888,NA,1.04587888131692,-0.0218874430806868,NA,1.04492743262504,-0.0200534818216765,NA
4,"MCAR_50%",1.04576438033164,-0.0224774838504563,NA,1.04658236162398,-0.0233616368994055,NA,1.0457623539252,-0.02242653233615,NA
4,"MAR_50%",1.04436874641395,-0.0248128897799514,NA,1.0466256215067,-0.0247905131416308,NA,1.04436294191213,-0.0248284457895674,NA
5,"MCAR_10%",1.04655749839918,-0.0229445719406778,NA,1.04791766529822,-0.0230861115657144,NA,1.04660917630785,-0.0229492577320206,NA
5,"MAR_10%",1.04725932600032,-0.0228258649860815,NA,1.04769052466523,-0.0234607294779412,NA,1.0472768238397,-0.0228265715803741,NA
5,"MCAR_25%",1.04684143822849,-0.0227233969631343,NA,1.05276479310647,-0.0251517064062985,NA,1.04685620241116,-0.0227087468204683,NA
5,"MAR_25%",1.0448794529035,-0.0200347432157888,NA,1.04581206054185,-0.0210827419706977,NA,1.0450531586391,-0.0200280906250145,NA
5,"MCAR_50%",1.04576438033164,-0.0224774838504563,NA,1.04818648639094,-0.0233076309280813,NA,1.04589642348275,-0.0224720120639956,NA
5,"MAR_50%",1.04436874641395,-0.0248128897799514,NA,1.05068475487654,-0.0250075199499657,NA,1.04432193774384,-0.0247415380787166,NA
6,"MCAR_10%",1.04655749839918,-0.0229445719406778,NA,1.04949795134266,-0.0236295138493487,NA,1.04655216885165,-0.0229447126902639,NA
6,"MAR_10%",1.04725932600032,-0.0228258649860815,NA,1.04730440960041,-0.0232891626006379,NA,1.04726048689261,-0.0228355757323914,NA
6,"MCAR_25%",1.04684143822849,-0.0227233969631343,NA,1.04843106030042,-0.0239656899175155,NA,1.04694377349429,-0.0227791706837053,NA
6,"MAR_25%",1.0448794529035,-0.0200347432157888,NA,1.04678296552066,-0.02216098064223,NA,1.04496137598986,-0.0200130599869695,NA
6,"MCAR_50%",1.04576438033164,-0.0224774838504563,NA,1.05183672782962,-0.0242305710783578,NA,1.04587706135428,-0.0225064646601728,NA
6,"MAR_50%",1.04436874641395,-0.0248128897799514,NA,1.04458805418588,-0.0250210607300078,NA,1.04424230749166,-0.0247864576326374,NA
7,"MCAR_10%",1.04655749839918,-0.0229445719406778,NA,1.04633619493181,-0.0231775604270831,NA,1.04655772708743,-0.0229415728772448,NA
7,"MAR_10%",1.04725932600032,-0.0228258649860815,NA,1.04743491619232,-0.0233047970365847,NA,1.0472789911504,-0.0228273716771304,NA
7,"MCAR_25%",1.04684143822849,-0.0227233969631343,NA,1.05253031840417,-0.0233076254948599,NA,1.04681532406396,-0.0226874547584487,NA
7,"MAR_25%",1.0448794529035,-0.0200347432157888,NA,1.0458123908109,-0.0217335779787726,NA,1.04499142670235,-0.0200469863034978,NA
7,"MCAR_50%",1.04576438033164,-0.0224774838504563,NA,1.05013687834176,-0.0244592855535078,NA,1.0457879290813,-0.0224406836476385,NA
7,"MAR_50%",1.04436874641395,-0.0248128897799514,NA,1.05152182685476,-0.0257398320345371,NA,1.0443688425751,-0.0248224588157115,NA
8,"MCAR_10%",1.04655749839918,-0.0229445719406778,NA,1.04740044164488,-0.0234925715470235,NA,1.04655665213981,-0.0229511743173972,NA
8,"MAR_10%",1.04725932600032,-0.0228258649860815,NA,1.04728582440881,-0.0232446568804336,NA,1.04722351641857,-0.0228334239422153,NA
8,"MCAR_25%",1.04684143822849,-0.0227233969631343,NA,1.04838530961157,-0.0238451063561213,NA,1.04674171916731,-0.0227291761115034,NA
8,"MAR_25%",1.0448794529035,-0.0200347432157888,NA,1.04782094046092,-0.0209188801805494,NA,1.04486315309558,-0.0199835082182392,NA
8,"MCAR_50%",1.04576438033164,-0.0224774838504563,NA,1.05308232741987,-0.0236401960729225,NA,1.04567320635352,-0.0224902334036834,NA
8,"MAR_50%",1.04436874641395,-0.0248128897799514,NA,1.04628808210601,-0.0251892241277804,NA,1.04432949116385,-0.0248305571083822,NA
9,"MCAR_10%",1.04655749839918,-0.0229445719406778,NA,1.04703879988033,-0.023189579536247,NA,1.04652450068657,-0.0229582289921628,NA
9,"MAR_10%",1.04725932600032,-0.0228258649860815,NA,1.04709222047542,-0.0233571704317438,NA,1.04727206708289,-0.0228383323044526,NA
9,"MCAR_25%",1.04684143822849,-0.0227233969631343,NA,1.05059413817815,-0.0237655535137664,NA,1.04698839371613,-0.0226928060184625,NA
9,"MAR_25%",1.0448794529035,-0.0200347432157888,NA,1.04341896412855,-0.0201727083182637,NA,1.04485594355486,-0.020052624470044,NA
9,"MCAR_50%",1.04576438033164,-0.0224774838504563,NA,1.05195185151102,-0.0236662491861273,NA,1.04580990662991,-0.022466196126449,NA
9,"MAR_50%",1.04436874641395,-0.0248128897799514,NA,1.04776750861924,-0.025049522109366,NA,1.04448326193645,-0.0248169234398313,NA
10,"MCAR_10%",1.04655749839918,-0.0229445719406778,NA,1.04746384629708,-0.0233558428984374,NA,1.04657901641152,-0.0229401866482075,NA
10,"MAR_10%",1.04725932600032,-0.0228258649860815,NA,1.04786578281778,-0.0233486059963826,NA,1.04721614274576,-0.0228285431763681,NA
10,"MCAR_25%",1.04684143822849,-0.0227233969631343,NA,1.05153201405009,-0.0243728604832114,NA,1.04693617182093,-0.0227459866333753,NA
10,"MAR_25%",1.0448794529035,-0.0200347432157888,NA,1.0447323898305,-0.0214009437460447,NA,1.0449369564438,-0.0199723268620133,NA
10,"MCAR_50%",1.04576438033164,-0.0224774838504563,NA,1.0526508206921,-0.0231240093081306,NA,1.04584688174249,-0.0224695548840203,NA
10,"MAR_50%",1.04436874641395,-0.0248128897799514,NA,1.04446067385743,-0.0246751215109291,NA,1.04442498906306,-0.0248487553920616,NA
11,"MCAR_10%",1.04655749839918,-0.0229445719406778,NA,1.04713008780384,-0.0230516505284808,NA,1.04659038230096,-0.0229437737847334,NA
11,"MAR_10%",1.04725932600032,-0.0228258649860815,NA,1.04850547391409,-0.0232239620895638,NA,1.04720951541934,-0.0228104620078593,NA
11,"MCAR_25%",1.04684143822849,-0.0227233969631343,NA,1.05770840176932,-0.0241011611469691,NA,1.04669056622382,-0.0226840751416089,NA
11,"MAR_25%",1.0448794529035,-0.0200347432157888,NA,1.04413462683751,-0.022006166176477,NA,1.04501381415891,-0.020067231154542,NA
11,"MCAR_50%",1.04576438033164,-0.0224774838504563,NA,1.0485566846869,-0.0232121269967573,NA,1.0457597976893,-0.0225083498392975,NA
11,"MAR_50%",1.04436874641395,-0.0248128897799514,NA,1.04384866285915,-0.0250410279113648,NA,1.04434891566942,-0.024833676809279,NA
12,"MCAR_10%",1.04655749839918,-0.0229445719406778,NA,1.04733344326217,-0.0232472529304098,NA,1.04656042345484,-0.0229609287528814,NA
12,"MAR_10%",1.04725932600032,-0.0228258649860815,NA,1.04831561327119,-0.0232679543921277,NA,1.04734299395515,-0.0228254448407355,NA
12,"MCAR_25%",1.04684143822849,-0.0227233969631343,NA,1.05042975324089,-0.0236988386415975,NA,1.04686847304235,-0.0226976904824472,NA
12,"MAR_25%",1.0448794529035,-0.0200347432157888,NA,1.04496540451306,-0.022603369199779,NA,1.04475355857231,-0.0200345877904615,NA
12,"MCAR_50%",1.04576438033164,-0.0224774838504563,NA,1.04997629877654,-0.0240809071292915,NA,1.04577060319173,-0.0224261434532484,NA
12,"MAR_50%",1.04436874641395,-0.0248128897799514,NA,1.04521186001204,-0.0252096137550647,NA,1.0444873387533,-0.024821539680739,NA
13,"MCAR_10%",1.04655749839918,-0.0229445719406778,NA,1.04914344649193,-0.0229437526569753,NA,1.04656141351155,-0.0229542852017178,NA
13,"MAR_10%",1.04725932600032,-0.0228258649860815,NA,1.04708079866878,-0.0230523638770919,NA,1.04737066997133,-0.0228304723663966,NA
13,"MCAR_25%",1.04684143822849,-0.0227233969631343,NA,1.0503109777421,-0.0243835008897093,NA,1.04685632536874,-0.0227020282567802,NA
13,"MAR_25%",1.0448794529035,-0.0200347432157888,NA,1.04574465863563,-0.0219317964851265,NA,1.04465275877595,-0.019965668833123,NA
13,"MCAR_50%",1.04576438033164,-0.0224774838504563,NA,1.04984757253516,-0.0242140112301627,NA,1.04580634255681,-0.0224922854444897,NA
13,"MAR_50%",1.04436874641395,-0.0248128897799514,NA,1.04569070916847,-0.0255018674113669,NA,1.04432220944524,-0.0248037352403724,NA
14,"MCAR_10%",1.04655749839918,-0.0229445719406778,NA,1.050180662002,-0.023157353176487,NA,1.0465609736896,-0.0229403983420504,NA
14,"MAR_10%",1.04725932600032,-0.0228258649860815,NA,1.04738694497672,-0.0231328189696565,NA,1.04725727266314,-0.0228262514112646,NA
14,"MCAR_25%",1.04684143822849,-0.0227233969631343,NA,1.05142890603851,-0.0230314015652011,NA,1.04687614333065,-0.0227336580611049,NA
14,"MAR_25%",1.0448794529035,-0.0200347432157888,NA,1.04440747843496,-0.020840116823631,NA,1.04490068957649,-0.0200799465906603,NA
14,"MCAR_50%",1.04576438033164,-0.0224774838504563,NA,1.04712094676278,-0.0232636473541798,NA,1.04572870237091,-0.0224611119856586,NA
14,"MAR_50%",1.04436874641395,-0.0248128897799514,NA,1.04331493167402,-0.0251662078090037,NA,1.0443824642924,-0.0248236618324789,NA
15,"MCAR_10%",1.04655749839918,-0.0229445719406778,NA,1.04937001352884,-0.0234794344293206,NA,1.04650663832064,-0.0229330296029056,NA
15,"MAR_10%",1.04725932600032,-0.0228258649860815,NA,1.04721420712861,-0.0232635017443981,NA,1.04720078700004,-0.0228496234235986,NA
15,"MCAR_25%",1.04684143822849,-0.0227233969631343,NA,1.05272900716593,-0.0238465030761384,NA,1.0468065670212,-0.0227421138996674,NA
15,"MAR_25%",1.0448794529035,-0.0200347432157888,NA,1.04546317798429,-0.0209240416440639,NA,1.04481501154783,-0.0200063748936202,NA
15,"MCAR_50%",1.04576438033164,-0.0224774838504563,NA,1.04793985932368,-0.023309947400052,NA,1.0456936039234,-0.0225122777719787,NA
15,"MAR_50%",1.04436874641395,-0.0248128897799514,NA,1.04321474511851,-0.025145106440242,NA,1.04439032875305,-0.0248074174619569,NA
16,"MCAR_10%",1.04655749839918,-0.0229445719406778,NA,1.04662521131284,-0.0233093617449707,NA,1.04656279942361,-0.0229604909430098,NA
16,"MAR_10%",1.04725932600032,-0.0228258649860815,NA,1.04953033625457,-0.0236010368031486,NA,1.04723035246654,-0.0228292552178928,NA
16,"MCAR_25%",1.04684143822849,-0.0227233969631343,NA,1.05115755097622,-0.0237138436233024,NA,1.04690935557146,-0.0227400543864288,NA
16,"MAR_25%",1.0448794529035,-0.0200347432157888,NA,1.04588634911209,-0.0223990051131447,NA,1.04494488068445,-0.0200119639579703,NA
16,"MCAR_50%",1.04576438033164,-0.0224774838504563,NA,1.05023241720967,-0.0232722383552167,NA,1.0455808727161,-0.0223847080419945,NA
16,"MAR_50%",1.04436874641395,-0.0248128897799514,NA,1.04816792666069,-0.0256327377214591,NA,1.04436897864538,-0.0248224665937044,NA
17,"MCAR_10%",1.04655749839918,-0.0229445719406778,NA,1.04737252727348,-0.0232514418708004,NA,1.04657921552148,-0.0229426967997294,NA
17,"MAR_10%",1.04725932600032,-0.0228258649860815,NA,1.04795181097516,-0.0233219109657237,NA,1.04726270806996,-0.0228272703786497,NA
17,"MCAR_25%",1.04684143822849,-0.0227233969631343,NA,1.05726413773363,-0.0235037317249275,NA,1.04681187559,-0.0227205887076892,NA
17,"MAR_25%",1.0448794529035,-0.0200347432157888,NA,1.05307410523495,-0.0222919535412389,NA,1.04494264684938,-0.0200219916210327,NA
17,"MCAR_50%",1.04576438033164,-0.0224774838504563,NA,1.05060823468922,-0.0231008350556895,NA,1.04571570699762,-0.0224532980900647,NA
17,"MAR_50%",1.04436874641395,-0.0248128897799514,NA,1.04603407479473,-0.0250387031852956,NA,1.04438523108996,-0.0248282941912492,NA
18,"MCAR_10%",1.04655749839918,-0.0229445719406778,NA,1.04689643553481,-0.0234005255506353,NA,1.0465847850949,-0.0229403769778223,NA
18,"MAR_10%",1.04725932600032,-0.0228258649860815,NA,1.04732316993807,-0.023337168736424,NA,1.04727634251284,-0.0228247716129389,NA
18,"MCAR_25%",1.04684143822849,-0.0227233969631343,NA,1.0540563858297,-0.0233894769386532,NA,1.04685447345359,-0.0227530211443045,NA
18,"MAR_25%",1.0448794529035,-0.0200347432157888,NA,1.04579376862591,-0.0217775744478612,NA,1.044782385849,-0.0199992317483315,NA
18,"MCAR_50%",1.04576438033164,-0.0224774838504563,NA,1.04852260351413,-0.0241651671476027,NA,1.04589090567723,-0.0225143976306784,NA
18,"MAR_50%",1.04436874641395,-0.0248128897799514,NA,1.04599650876807,-0.0255135465528505,NA,1.04428966732223,-0.0247987297576237,NA
19,"MCAR_10%",1.04655749839918,-0.0229445719406778,NA,1.04868758690271,-0.0232860907172823,NA,1.04654023825252,-0.022933163240413,NA
19,"MAR_10%",1.04725932600032,-0.0228258649860815,NA,1.04682200439818,-0.0235680951733392,NA,1.04721838785447,-0.0228217831139577,NA
19,"MCAR_25%",1.04684143822849,-0.0227233969631343,NA,1.05121854363919,-0.023815907451331,NA,1.04694267087944,-0.0227338749567589,NA
19,"MAR_25%",1.0448794529035,-0.0200347432157888,NA,1.04433196348004,-0.0218706739921481,NA,1.04482673544007,-0.0200678458306513,NA
19,"MCAR_50%",1.04576438033164,-0.0224774838504563,NA,1.04885718322018,-0.0225291878754666,NA,1.04573669242927,-0.0225198054711942,NA
19,"MAR_50%",1.04436874641395,-0.0248128897799514,NA,1.04457580556653,-0.0251451830854248,NA,1.04437018816614,-0.0248320432897078,NA
20,"MCAR_10%",1.04655749839918,-0.0229445719406778,NA,1.04801764388089,-0.0234778600259475,NA,1.04660522954062,-0.0229551184586919,NA
20,"MAR_10%",1.04725932600032,-0.0228258649860815,NA,1.04742127777408,-0.0233661248624563,NA,1.0472348711474,-0.0228250725026264,NA
20,"MCAR_25%",1.04684143822849,-0.0227233969631343,NA,1.05675395837104,-0.0240297542890122,NA,1.0468924065243,-0.0227090455277763,NA
20,"MAR_25%",1.0448794529035,-0.0200347432157888,NA,1.04541738638037,-0.0209090550687155,NA,1.04480033074009,-0.020008263922133,NA
20,"MCAR_50%",1.04576438033164,-0.0224774838504563,NA,1.04617482431832,-0.0238170681220711,NA,1.04558487650241,-0.0225048472170218,NA
20,"MAR_50%",1.04436874641395,-0.0248128897799514,NA,1.04355659185217,-0.0247793550695963,NA,1.04424963322528,-0.0247983513351381,NA
21,"MCAR_10%",1.04655749839918,-0.0229445719406778,NA,1.04810075352665,-0.0232334930105862,NA,1.04652026266403,-0.0229662380947395,NA
21,"MAR_10%",1.04725932600032,-0.0228258649860815,NA,1.0473357344408,-0.0232223682812466,NA,1.04723198534708,-0.0228153732442301,NA
21,"MCAR_25%",1.04684143822849,-0.0227233969631343,NA,1.04890016632101,-0.0238387565803508,NA,1.04663773892682,-0.0227114764299148,NA
21,"MAR_25%",1.0448794529035,-0.0200347432157888,NA,1.04553765640446,-0.0218816589974279,NA,1.04485619542611,-0.0200469870137019,NA
21,"MCAR_50%",1.04576438033164,-0.0224774838504563,NA,1.04803497896458,-0.023888224686101,NA,1.04563377402198,-0.0224395544148041,NA
21,"MAR_50%",1.04436874641395,-0.0248128897799514,NA,1.04547334213873,-0.0248682296140041,NA,1.04438957751906,-0.0248188535430427,NA
22,"MCAR_10%",1.04655749839918,-0.0229445719406778,NA,1.04644632714345,-0.0230762984493757,NA,1.04659668397651,-0.0229371036566615,NA
22,"MAR_10%",1.04725932600032,-0.0228258649860815,NA,1.04847868273366,-0.0236482684351278,NA,1.04722213937934,-0.0228165517959804,NA
22,"MCAR_25%",1.04684143822849,-0.0227233969631343,NA,1.04833608790692,-0.0234610410066835,NA,1.04681981330442,-0.0227065661927448,NA
22,"MAR_25%",1.0448794529035,-0.0200347432157888,NA,1.04583151932178,-0.0220027107053344,NA,1.04487695130464,-0.0199888119901731,NA
22,"MCAR_50%",1.04576438033164,-0.0224774838504563,NA,1.04871700599552,-0.0226518828606075,NA,1.04574885636637,-0.0225475389107706,NA
22,"MAR_50%",1.04436874641395,-0.0248128897799514,NA,1.04820130648545,-0.0258448928171127,NA,1.04451051303614,-0.0248553790524612,NA
23,"MCAR_10%",1.04655749839918,-0.0229445719406778,NA,1.04869849784032,-0.0233211174858372,NA,1.04656996532288,-0.0229506333980156,NA
23,"MAR_10%",1.04725932600032,-0.0228258649860815,NA,1.0470712749108,-0.023472626622442,NA,1.04724081745882,-0.0228180246604405,NA
23,"MCAR_25%",1.04684143822849,-0.0227233969631343,NA,1.05451044455013,-0.0241027233813567,NA,1.04684173743005,-0.0227493466153414,NA
23,"MAR_25%",1.0448794529035,-0.0200347432157888,NA,1.04826517901075,-0.0225771049085444,NA,1.04500910603341,-0.0200466293464109,NA
23,"MCAR_50%",1.04576438033164,-0.0224774838504563,NA,1.04622432523296,-0.0242224121128509,NA,1.04580817169618,-0.0224481564649071,NA
23,"MAR_50%",1.04436874641395,-0.0248128897799514,NA,1.0433668417514,-0.0250322345959091,NA,1.04441956884444,-0.0247742190313922,NA
24,"MCAR_10%",1.04655749839918,-0.0229445719406778,NA,1.04777584661815,-0.0232417394821356,NA,1.04650557790575,-0.0229427699656139,NA
24,"MAR_10%",1.04725932600032,-0.0228258649860815,NA,1.04869235665341,-0.0234338016779967,NA,1.04726101076945,-0.0228284862362089,NA
24,"MCAR_25%",1.04684143822849,-0.0227233969631343,NA,1.05649141829403,-0.0236502715953301,NA,1.0467604361289,-0.0227272178622233,NA
24,"MAR_25%",1.0448794529035,-0.0200347432157888,NA,1.04532338024398,-0.0222645976893359,NA,1.04503122158148,-0.0200697540209812,NA
24,"MCAR_50%",1.04576438033164,-0.0224774838504563,NA,1.05088459279169,-0.0244212225876184,NA,1.04574206282959,-0.0224930366955765,NA
24,"MAR_50%",1.04436874641395,-0.0248128897799514,NA,1.04352092185698,-0.0246126085078304,NA,1.0445836092251,-0.0248398060272692,NA
25,"MCAR_10%",1.04655749839918,-0.0229445719406778,NA,1.05091704562481,-0.023320641103256,NA,1.04653177323202,-0.0229157307450148,NA
25,"MAR_10%",1.04725932600032,-0.0228258649860815,NA,1.04745764639485,-0.023104651001646,NA,1.04709922996709,-0.0228180501639423,NA
25,"MCAR_25%",1.04684143822849,-0.0227233969631343,NA,1.05510137666416,-0.023843666196962,NA,1.04670901735448,-0.0226698243234525,NA
25,"MAR_25%",1.0448794529035,-0.0200347432157888,NA,1.04502110560038,-0.0214281678375151,NA,1.04510443719839,-0.0201072361945544,NA
25,"MCAR_50%",1.04576438033164,-0.0224774838504563,NA,1.05063876723023,-0.0238593804923218,NA,1.04575136885916,-0.0224945123333554,NA
25,"MAR_50%",1.04436874641395,-0.0248128897799514,NA,1.05527637299254,-0.0256064861837076,NA,1.04434779117614,-0.0248329000815102,NA
26,"MCAR_10%",1.04655749839918,-0.0229445719406778,NA,1.04689650425325,-0.0232055569021401,NA,1.04647955733215,-0.0229314503734519,NA
26,"MAR_10%",1.04725932600032,-0.0228258649860815,NA,1.04710669633842,-0.0234357674771726,NA,1.04728404366302,-0.0228258296133175,NA
26,"MCAR_25%",1.04684143822849,-0.0227233969631343,NA,1.04902031058581,-0.0232188309425934,NA,1.04691163451384,-0.0227208643233873,NA
26,"MAR_25%",1.0448794529035,-0.0200347432157888,NA,1.04554150994778,-0.0212328628984936,NA,1.04502502622132,-0.020076335626801,NA
26,"MCAR_50%",1.04576438033164,-0.0224774838504563,NA,1.04833108054467,-0.0239467512041818,NA,1.04580455747832,-0.0224639583173469,NA
26,"MAR_50%",1.04436874641395,-0.0248128897799514,NA,1.04686672916998,-0.0243142548268326,NA,1.0442759269298,-0.0248109955484171,NA
27,"MCAR_10%",1.04655749839918,-0.0229445719406778,NA,1.04813097559646,-0.0233188516542599,NA,1.04653878037685,-0.0229632572195135,NA
27,"MAR_10%",1.04725932600032,-0.0228258649860815,NA,1.04784979264843,-0.0234316141152947,NA,1.04722714402993,-0.022819024473349,NA
27,"MCAR_25%",1.04684143822849,-0.0227233969631343,NA,1.04910984172111,-0.023741875580157,NA,1.047114529562,-0.0227433804666863,NA
27,"MAR_25%",1.0448794529035,-0.0200347432157888,NA,1.04531666857107,-0.0217900931784542,NA,1.04488214759006,-0.0200841384154878,NA
27,"MCAR_50%",1.04576438033164,-0.0224774838504563,NA,1.04840787933555,-0.0226711534346612,NA,1.04569892309929,-0.0224591542869592,NA
27,"MAR_50%",1.04436874641395,-0.0248128897799514,NA,1.04741892599728,-0.0252553483102757,NA,1.04459835046393,-0.0248606235826118,NA
28,"MCAR_10%",1.04655749839918,-0.0229445719406778,NA,1.04682282119407,-0.0233772299648076,NA,1.04661819715054,-0.0229473729661927,NA
28,"MAR_10%",1.04725932600032,-0.0228258649860815,NA,1.04789220714623,-0.0233008733268497,NA,1.04725215388338,-0.0228356583520921,NA
28,"MCAR_25%",1.04684143822849,-0.0227233969631343,NA,1.050760467203,-0.0233963227123112,NA,1.04679197152343,-0.0227477177666565,NA
28,"MAR_25%",1.0448794529035,-0.0200347432157888,NA,1.04869215553646,-0.0217317395128889,NA,1.04482223801232,-0.0200006207762904,NA
28,"MCAR_50%",1.04576438033164,-0.0224774838504563,NA,1.04939931002346,-0.0232129436739539,NA,1.04580650847475,-0.0225217433701977,NA
28,"MAR_50%",1.04436874641395,-0.0248128897799514,NA,1.04577183242583,-0.024713593764868,NA,1.04447154072759,-0.0248394976171383,NA
29,"MCAR_10%",1.04655749839918,-0.0229445719406778,NA,1.05040566284121,-0.0235094886620535,NA,1.04655714945545,-0.0229335750261223,NA
29,"MAR_10%",1.04725932600032,-0.0228258649860815,NA,1.04743373880244,-0.0232275784573533,NA,1.04734823318163,-0.0228480397860266,NA
29,"MCAR_25%",1.04684143822849,-0.0227233969631343,NA,1.05094553735916,-0.0237879863007407,NA,1.04685160690064,-0.0227375179467103,NA
29,"MAR_25%",1.0448794529035,-0.0200347432157888,NA,1.0459013655047,-0.0227480545470871,NA,1.04491596124228,-0.0200116149354135,NA
29,"MCAR_50%",1.04576438033164,-0.0224774838504563,NA,1.04973861929746,-0.0251575152266238,NA,1.04555806490841,-0.0224555101669099,NA
29,"MAR_50%",1.04436874641395,-0.0248128897799514,NA,1.04668927036814,-0.0254805223024119,NA,1.04437419218142,-0.0247912331108109,NA
30,"MCAR_10%",1.04655749839918,-0.0229445719406778,NA,1.05005725794152,-0.0231886784623212,NA,1.04663730927135,-0.0229628586421513,NA
30,"MAR_10%",1.04725932600032,-0.0228258649860815,NA,1.0472411662651,-0.0234032528286477,NA,1.04728898305975,-0.0228213650209317,NA
30,"MCAR_25%",1.04684143822849,-0.0227233969631343,NA,1.0646722332174,-0.0239250915319499,NA,1.04687819662601,-0.0227203304703204,NA
30,"MAR_25%",1.0448794529035,-0.0200347432157888,NA,1.04457180751672,-0.0219324822021404,NA,1.04481362987698,-0.0200584774205182,NA
30,"MCAR_50%",1.04576438033164,-0.0224774838504563,NA,1.04845220517234,-0.0237301997339404,NA,1.04563255988009,-0.0224816240169641,NA
30,"MAR_50%",1.04436874641395,-0.0248128897799514,NA,1.04479890568336,-0.0251014906790039,NA,1.04445678381382,-0.0248181498849935,NA
31,"MCAR_10%",1.04655749839918,-0.0229445719406778,NA,1.04689504411655,-0.023277645395881,NA,1.04657295896992,-0.0229441584983077,NA
31,"MAR_10%",1.04725932600032,-0.0228258649860815,NA,1.04805990435568,-0.0235574431498017,NA,1.04717843459269,-0.0228192187505677,NA
31,"MCAR_25%",1.04684143822849,-0.0227233969631343,NA,1.04893942325158,-0.0236359781335334,NA,1.0468590553523,-0.0227012605427372,NA
31,"MAR_25%",1.0448794529035,-0.0200347432157888,NA,1.04656670513614,-0.0210822472667822,NA,1.04491848371887,-0.0200665074488549,NA
31,"MCAR_50%",1.04576438033164,-0.0224774838504563,NA,1.05546331048833,-0.0227874080238366,NA,1.04576520417462,-0.0224495081294295,NA
31,"MAR_50%",1.04436874641395,-0.0248128897799514,NA,1.04589080968572,-0.0254352152740748,NA,1.04432348980875,-0.0247880937310349,NA
32,"MCAR_10%",1.04655749839918,-0.0229445719406778,NA,1.04753081557499,-0.0234791745232728,NA,1.04649952187288,-0.0229359579599433,NA
32,"MAR_10%",1.04725932600032,-0.0228258649860815,NA,1.04728109744762,-0.0233172945849683,NA,1.04733093854992,-0.0228381278912921,NA
32,"MCAR_25%",1.04684143822849,-0.0227233969631343,NA,1.07034871918708,-0.0234772377903067,NA,1.04688918625498,-0.0227386123141545,NA
32,"MAR_25%",1.0448794529035,-0.0200347432157888,NA,1.04660493418524,-0.0215377270652936,NA,1.04496623092007,-0.020079118872578,NA
32,"MCAR_50%",1.04576438033164,-0.0224774838504563,NA,1.04745114758756,-0.0236104482835082,NA,1.04572261536255,-0.0224744014555196,NA
32,"MAR_50%",1.04436874641395,-0.0248128897799514,NA,1.04508419179314,-0.0252123064631699,NA,1.0443280888801,-0.0247889581651804,NA
33,"MCAR_10%",1.04655749839918,-0.0229445719406778,NA,1.0514207536818,-0.0238308657399077,NA,1.04657738299061,-0.0229427702954079,NA
33,"MAR_10%",1.04725932600032,-0.0228258649860815,NA,1.04778243911759,-0.023321381020329,NA,1.04724793240016,-0.0228287754970902,NA
33,"MCAR_25%",1.04684143822849,-0.0227233969631343,NA,1.05843160959125,-0.0248982718255636,NA,1.04687870140945,-0.0227143134892867,NA
33,"MAR_25%",1.0448794529035,-0.0200347432157888,NA,1.05397761807013,-0.0204969901801678,NA,1.0448062117647,-0.0200070216216633,NA
33,"MCAR_50%",1.04576438033164,-0.0224774838504563,NA,1.05839100046508,-0.0248695315093949,NA,1.04570551484835,-0.0223864972123468,NA
33,"MAR_50%",1.04436874641395,-0.0248128897799514,NA,1.04406283992777,-0.0251668777187706,NA,1.04433911446472,-0.0248116953265871,NA
34,"MCAR_10%",1.04655749839918,-0.0229445719406778,NA,1.05053114566818,-0.023658326690807,NA,1.04654189193257,-0.0229354336728892,NA
34,"MAR_10%",1.04725932600032,-0.0228258649860815,NA,1.04704251261186,-0.0232585889100953,NA,1.04737043234483,-0.0228322394073469,NA
34,"MCAR_25%",1.04684143822849,-0.0227233969631343,NA,1.05069215376233,-0.0237672319256063,NA,1.04673969390745,-0.0226783759527741,NA
34,"MAR_25%",1.0448794529035,-0.0200347432157888,NA,1.04700542422494,-0.0219585107979685,NA,1.0449454041402,-0.020012759911615,NA
34,"MCAR_50%",1.04576438033164,-0.0224774838504563,NA,1.05088252039488,-0.0232826035228911,NA,1.04572140647326,-0.0224320318206011,NA
34,"MAR_50%",1.04436874641395,-0.0248128897799514,NA,1.04436020575367,-0.0259025101777785,NA,1.0443033998773,-0.0248194234085869,NA
35,"MCAR_10%",1.04655749839918,-0.0229445719406778,NA,1.04672973831234,-0.0232912740635009,NA,1.04655784214151,-0.0229404442811273,NA
35,"MAR_10%",1.04725932600032,-0.0228258649860815,NA,1.04834170463565,-0.0233254558579367,NA,1.04723414951001,-0.022810708380628,NA
35,"MCAR_25%",1.04684143822849,-0.0227233969631343,NA,1.05231484220496,-0.0239492750480282,NA,1.04687286297356,-0.0227389930956083,NA
35,"MAR_25%",1.0448794529035,-0.0200347432157888,NA,1.04529014387426,-0.0207296664129671,NA,1.04484934201834,-0.0200534067669992,NA
35,"MCAR_50%",1.04576438033164,-0.0224774838504563,NA,1.04845226090891,-0.0239080037515478,NA,1.0457365320259,-0.022457565283627,NA
35,"MAR_50%",1.04436874641395,-0.0248128897799514,NA,1.04850609304606,-0.025148794419058,NA,1.04442546100377,-0.0247991570949092,NA
36,"MCAR_10%",1.04655749839918,-0.0229445719406778,NA,1.04710143912883,-0.0230820463193165,NA,1.04653250780688,-0.0229532453647487,NA
36,"MAR_10%",1.04725932600032,-0.0228258649860815,NA,1.04781201340611,-0.0233249718767802,NA,1.04734277291153,-0.022840576745582,NA
36,"MCAR_25%",1.04684143822849,-0.0227233969631343,NA,1.05530104581966,-0.0241865223901642,NA,1.046728733408,-0.0226875823878915,NA
36,"MAR_25%",1.0448794529035,-0.0200347432157888,NA,1.04418561930331,-0.0209361132304733,NA,1.04494819405601,-0.0200656235539507,NA
36,"MCAR_50%",1.04576438033164,-0.0224774838504563,NA,1.04615024163527,-0.0233400516380367,NA,1.04586611256181,-0.0224728473746501,NA
36,"MAR_50%",1.04436874641395,-0.0248128897799514,NA,1.04482387371473,-0.0258520034365761,NA,1.04445459950363,-0.0248247190177266,NA
37,"MCAR_10%",1.04655749839918,-0.0229445719406778,NA,1.04819200353001,-0.023101316728147,NA,1.04654141263557,-0.0229550197900471,NA
37,"MAR_10%",1.04725932600032,-0.0228258649860815,NA,1.04816604745829,-0.0233690139944594,NA,1.0472413108495,-0.02282390163462,NA
37,"MCAR_25%",1.04684143822849,-0.0227233969631343,NA,1.05192874161213,-0.0233381293639067,NA,1.04695203376607,-0.0227423532991247,NA
37,"MAR_25%",1.0448794529035,-0.0200347432157888,NA,1.04466632565835,-0.0217055022127363,NA,1.04487523953917,-0.0200692904265989,NA
37,"MCAR_50%",1.04576438033164,-0.0224774838504563,NA,1.05494175367547,-0.024508425113911,NA,1.0456882210323,-0.0224446526372269,NA
37,"MAR_50%",1.04436874641395,-0.0248128897799514,NA,1.05114791780598,-0.0257317703980605,NA,1.04444373704459,-0.0248254358953134,NA
38,"MCAR_10%",1.04655749839918,-0.0229445719406778,NA,1.04783362335045,-0.0232872206830712,NA,1.04659876551297,-0.0229530356843925,NA
38,"MAR_10%",1.04725932600032,-0.0228258649860815,NA,1.04779008604106,-0.0233658574020254,NA,1.04722783210049,-0.0228295814994343,NA
38,"MCAR_25%",1.04684143822849,-0.0227233969631343,NA,1.05042528075267,-0.0233152213147508,NA,1.04688619031789,-0.022752448576478,NA
38,"MAR_25%",1.0448794529035,-0.0200347432157888,NA,1.05068345317949,-0.0204309261911463,NA,1.0448190806219,-0.0200566401108597,NA
38,"MCAR_50%",1.04576438033164,-0.0224774838504563,NA,1.05888036661215,-0.0236091725937739,NA,1.04572510108711,-0.022474822316775,NA
38,"MAR_50%",1.04436874641395,-0.0248128897799514,NA,1.04481312594851,-0.0252011215296709,NA,1.04428437128856,-0.0247982686466897,NA
39,"MCAR_10%",1.04655749839918,-0.0229445719406778,NA,1.0465475672331,-0.0231686073090233,NA,1.04655869633557,-0.0229468641483601,NA
39,"MAR_10%",1.04725932600032,-0.0228258649860815,NA,1.04746834526134,-0.023442657848118,NA,1.04725233781207,-0.0228253229545832,NA
39,"MCAR_25%",1.04684143822849,-0.0227233969631343,NA,1.04773621732031,-0.0230972984846777,NA,1.04684894920762,-0.0227206452389454,NA
39,"MAR_25%",1.0448794529035,-0.0200347432157888,NA,1.04817988526801,-0.0223760927038238,NA,1.04480655809104,-0.0200512015107709,NA
39,"MCAR_50%",1.04576438033164,-0.0224774838504563,NA,1.05088858145849,-0.0229504856710427,NA,1.04575583599571,-0.0224857702691592,NA
39,"MAR_50%",1.04436874641395,-0.0248128897799514,NA,1.05686432705997,-0.0254176043692244,NA,1.04439072557385,-0.0248042503453458,NA
40,"MCAR_10%",1.04655749839918,-0.0229445719406778,NA,1.04909247921205,-0.0236077262513238,NA,1.04656164790132,-0.0229500648905075,NA
40,"MAR_10%",1.04725932600032,-0.0228258649860815,NA,1.04707326411713,-0.0232197581715491,NA,1.04725169073191,-0.0228216762476609,NA
40,"MCAR_25%",1.04684143822849,-0.0227233969631343,NA,1.0483062220798,-0.0241523087557933,NA,1.04690051281304,-0.0227398308976789,NA
40,"MAR_25%",1.0448794529035,-0.0200347432157888,NA,1.04682630650848,-0.0208705635133413,NA,1.04487152541907,-0.0200635585222553,NA
40,"MCAR_50%",1.04576438033164,-0.0224774838504563,NA,1.04825372175768,-0.0236068513035424,NA,1.04596987894601,-0.0225454169559834,NA
40,"MAR_50%",1.04436874641395,-0.0248128897799514,NA,1.04361638708801,-0.0244492252575567,NA,1.04441667444907,-0.0248160236619329,NA
41,"MCAR_10%",1.04655749839918,-0.0229445719406778,NA,1.04657434053451,-0.0235329966894176,NA,1.04656511753458,-0.0229457210742716,NA
41,"MAR_10%",1.04725932600032,-0.0228258649860815,NA,1.04722700850484,-0.0233961545825737,NA,1.04725816278138,-0.0228257532791555,NA
41,"MCAR_25%",1.04684143822849,-0.0227233969631343,NA,1.05174382846764,-0.0237335087773337,NA,1.04666745327094,-0.0227219341316632,NA
41,"MAR_25%",1.0448794529035,-0.0200347432157888,NA,1.04737463109323,-0.0217366493505814,NA,1.04490790618463,-0.020010249045543,NA
41,"MCAR_50%",1.04576438033164,-0.0224774838504563,NA,1.05383741583625,-0.0241682901864218,NA,1.04577033014468,-0.0224117287570953,NA
41,"MAR_50%",1.04436874641395,-0.0248128897799514,NA,1.05343758736725,-0.0254897952438607,NA,1.04434385997655,-0.0247901180466214,NA
42,"MCAR_10%",1.04655749839918,-0.0229445719406778,NA,1.04774523786849,-0.0233073121201964,NA,1.04656847726525,-0.0229433707591458,NA
42,"MAR_10%",1.04725932600032,-0.0228258649860815,NA,1.04717349748155,-0.0235565890643752,NA,1.04725169133838,-0.022825742801046,NA
42,"MCAR_25%",1.04684143822849,-0.0227233969631343,NA,1.0504096013266,-0.0237591081330797,NA,1.04682881136123,-0.022740355686836,NA
42,"MAR_25%",1.0448794529035,-0.0200347432157888,NA,1.04596927255649,-0.0220233324462902,NA,1.04489849003389,-0.0200009050813514,NA
42,"MCAR_50%",1.04576438033164,-0.0224774838504563,NA,1.04499018666953,-0.0238389667997073,NA,1.04566070287429,-0.0224963268715881,NA
42,"MAR_50%",1.04436874641395,-0.0248128897799514,NA,1.046531641021,-0.0252701323378665,NA,1.04453721097397,-0.0248302052432368,NA
43,"MCAR_10%",1.04655749839918,-0.0229445719406778,NA,1.04701330336846,-0.0234099396628042,NA,1.04664543226313,-0.0229429809041882,NA
43,"MAR_10%",1.04725932600032,-0.0228258649860815,NA,1.04733448198813,-0.0234276591026605,NA,1.0473980974194,-0.022846169095838,NA
43,"MCAR_25%",1.04684143822849,-0.0227233969631343,NA,1.05640627577265,-0.0234973180206966,NA,1.04665382421477,-0.0227157224845847,NA
43,"MAR_25%",1.0448794529035,-0.0200347432157888,NA,1.04563379349652,-0.0217831233222897,NA,1.04486599959214,-0.020025029523146,NA
43,"MCAR_50%",1.04576438033164,-0.0224774838504563,NA,1.05104643067949,-0.0236876731191255,NA,1.04581764320332,-0.0224379745167762,NA
43,"MAR_50%",1.04436874641395,-0.0248128897799514,NA,1.04548850829529,-0.0253534596487799,NA,1.04430911671739,-0.0248159451427745,NA
44,"MCAR_10%",1.04655749839918,-0.0229445719406778,NA,1.04700410489853,-0.0232369247007389,NA,1.04644722315853,-0.0229324824589739,NA
44,"MAR_10%",1.04725932600032,-0.0228258649860815,NA,1.04753029534312,-0.0232235386941685,NA,1.04720332282779,-0.0228032522081951,NA
44,"MCAR_25%",1.04684143822849,-0.0227233969631343,NA,1.04803364988375,-0.0242046065672275,NA,1.04684915733677,-0.0227148864855768,NA
44,"MAR_25%",1.0448794529035,-0.0200347432157888,NA,1.04349446440075,-0.0204592162567932,NA,1.04480390098155,-0.0200604153296624,NA
44,"MCAR_50%",1.04576438033164,-0.0224774838504563,NA,1.04738913135118,-0.0229731846234675,NA,1.04573864761885,-0.0225147968759353,NA
44,"MAR_50%",1.04436874641395,-0.0248128897799514,NA,1.04442036123036,-0.025238072644145,NA,1.04428605577284,-0.0247946699460166,NA
45,"MCAR_10%",1.04655749839918,-0.0229445719406778,NA,1.04664183717233,-0.0231750812512853,NA,1.04666899320112,-0.0229483446114298,NA
45,"MAR_10%",1.04725932600032,-0.0228258649860815,NA,1.04720879270396,-0.0233473149966529,NA,1.04716918480402,-0.0228241492964062,NA
45,"MCAR_25%",1.04684143822849,-0.0227233969631343,NA,1.05212553140597,-0.0237551939808504,NA,1.04692624818767,-0.0227645847009052,NA
45,"MAR_25%",1.0448794529035,-0.0200347432157888,NA,1.04610032660161,-0.0225424137170532,NA,1.04496523589372,-0.0200600680257874,NA
45,"MCAR_50%",1.04576438033164,-0.0224774838504563,NA,1.04646191688504,-0.0232376587095128,NA,1.0458183884006,-0.0224481859258539,NA
45,"MAR_50%",1.04436874641395,-0.0248128897799514,NA,1.04498369273936,-0.0253273570105154,NA,1.044429900149,-0.0248164957707125,NA
46,"MCAR_10%",1.04655749839918,-0.0229445719406778,NA,1.04728637044741,-0.023306991587334,NA,1.04651518707487,-0.0229600046114379,NA
46,"MAR_10%",1.04725932600032,-0.0228258649860815,NA,1.04878015066561,-0.0232437855433809,NA,1.04718880155582,-0.0228238028615526,NA
46,"MCAR_25%",1.04684143822849,-0.0227233969631343,NA,1.05162876933742,-0.022747223001097,NA,1.04679217957552,-0.022752245764247,NA
46,"MAR_25%",1.0448794529035,-0.0200347432157888,NA,1.04712180831608,-0.0208320455061999,NA,1.04491542185354,-0.0200329589628499,NA
46,"MCAR_50%",1.04576438033164,-0.0224774838504563,NA,1.0477327349827,-0.023236422149375,NA,1.04575616893949,-0.0225259264195283,NA
46,"MAR_50%",1.04436874641395,-0.0248128897799514,NA,1.04903348476886,-0.0252043573354601,NA,1.04443339052732,-0.0248053998003733,NA
47,"MCAR_10%",1.04655749839918,-0.0229445719406778,NA,1.04789766750275,-0.0232560310698423,NA,1.04653331552723,-0.0229363749489523,NA
47,"MAR_10%",1.04725932600032,-0.0228258649860815,NA,1.04709002027056,-0.0232868049013625,NA,1.04725300211965,-0.022823455478132,NA
47,"MCAR_25%",1.04684143822849,-0.0227233969631343,NA,1.05816948955218,-0.0237035127101785,NA,1.04677440274576,-0.0227148766181102,NA
47,"MAR_25%",1.0448794529035,-0.0200347432157888,NA,1.04977471416402,-0.0206287530804001,NA,1.04497063783417,-0.0200361870697748,NA
47,"MCAR_50%",1.04576438033164,-0.0224774838504563,NA,1.05225718048428,-0.0246546624573026,NA,1.04574794229697,-0.0224497485448583,NA
47,"MAR_50%",1.04436874641395,-0.0248128897799514,NA,1.04498101707054,-0.02535605802838,NA,1.04439562921245,-0.0248120085462231,NA
48,"MCAR_10%",1.04655749839918,-0.0229445719406778,NA,1.04726117199371,-0.0230863649234837,NA,1.04659254494224,-0.0229368238036156,NA
48,"MAR_10%",1.04725932600032,-0.0228258649860815,NA,1.04871323313909,-0.0234788591603284,NA,1.04725903463459,-0.0228266909987916,NA
48,"MCAR_25%",1.04684143822849,-0.0227233969631343,NA,1.0541403278704,-0.0227296563022733,NA,1.04680178339851,-0.0227295296290943,NA
48,"MAR_25%",1.0448794529035,-0.0200347432157888,NA,1.04520089081663,-0.0201757915871446,NA,1.04480292306188,-0.0200186273595609,NA
48,"MCAR_50%",1.04576438033164,-0.0224774838504563,NA,1.05237401067208,-0.0243225719909284,NA,1.04560291205215,-0.0224400332230532,NA
48,"MAR_50%",1.04436874641395,-0.0248128897799514,NA,1.04469668081827,-0.0254502813700716,NA,1.04438395501953,-0.0248105791255108,NA
49,"MCAR_10%",1.04655749839918,-0.0229445719406778,NA,1.04793412444692,-0.0233336655553019,NA,1.04657120681393,-0.0229508477200623,NA
49,"MAR_10%",1.04725932600032,-0.0228258649860815,NA,1.04662686563122,-0.0231600255768303,NA,1.04726737473561,-0.0228284017368124,NA
49,"MCAR_25%",1.04684143822849,-0.0227233969631343,NA,1.04620340345748,-0.0243601106223314,NA,1.04684353005097,-0.0227527320850547,NA
49,"MAR_25%",1.0448794529035,-0.0200347432157888,NA,1.04632420460385,-0.022427132293655,NA,1.04514915804389,-0.020087550555471,NA
49,"MCAR_50%",1.04576438033164,-0.0224774838504563,NA,1.05390456115298,-0.0234146240806987,NA,1.04569914809979,-0.0224369229633257,NA
49,"MAR_50%",1.04436874641395,-0.0248128897799514,NA,1.04726882177197,-0.0247387040013962,NA,1.04437327194999,-0.0248113001321002,NA
50,"MCAR_10%",1.04655749839918,-0.0229445719406778,NA,1.0491506135994,-0.0235770808966004,NA,1.04656929948299,-0.0229404425995403,NA
50,"MAR_10%",1.04725932600032,-0.0228258649860815,NA,1.04756463464727,-0.0232510713729932,NA,1.04727829674607,-0.0228294904608452,NA
50,"MCAR_25%",1.04684143822849,-0.0227233969631343,NA,1.05245828421977,-0.0232553218569078,NA,1.04689042377896,-0.0227477082882815,NA
50,"MAR_25%",1.0448794529035,-0.0200347432157888,NA,1.04542313657227,-0.0220396080910635,NA,1.04510139624091,-0.0200758899303604,NA
50,"MCAR_50%",1.04576438033164,-0.0224774838504563,NA,1.05072205611714,-0.0247675372490975,NA,1.04586029102593,-0.0224418191501879,NA
50,"MAR_50%",1.04436874641395,-0.0248128897799514,NA,1.04694091028313,-0.0254614520067462,NA,1.04454931907682,-0.0248322960249962,NA
